<?xml version="1.0" encoding="UTF-8"?>
<suppressedErrors>
  <error>
    <sourceFile>JavadocNodeImpl.java</sourceFile>
    <bugPattern>ArrayHashCode</bugPattern>
    <description>hashcode method on array does not hash array contents</description>
    <lineContent>+ &quot;, children=&quot; + Objects.hashCode(children)</lineContent>
  </error>
  <!-- Better suggestion after https://github.com/PicnicSupermarket/error-prone-support/issues/954. -->
  <error>
    <sourceFile>PropertiesMacro.java</sourceFile>
    <bugPattern>CollectorMutability</bugPattern>
    <description>Avoid `Collectors.to{List,Map,Set}` in favor of collectors that emphasize (im)mutability</description>
    <lineContent>}).collect(Collectors.toSet()));</lineContent>
  </error>
  <!-- This identity conversion prevents potential `NullPointerException`s from being thrown. -->
  <error>
    <sourceFile>SarifLogger.java</sourceFile>
    <bugPattern>IdentityConversion</bugPattern>
    <description>This method invocation appears redundant; remove it or suppress this warning and add a comment explaining its purpose</description>
    <lineContent>.replace(VERSION_PLACEHOLDER, String.valueOf(version))</lineContent>
  </error>
</suppressedErrors>
