<?xml version="1.0" encoding="UTF-8"?>
<suppressedMutations>
  <mutation unstable="false">
    <sourceFile>SuppressFilterElement.java</sourceFile>
    <mutatedClass>com.puppycrawl.tools.checkstyle.filters.SuppressFilterElement</mutatedClass>
    <mutatedMethod>&lt;init&gt;</mutatedMethod>
    <mutator>org.pitest.mutationtest.engine.gregor.mutators.experimental.MemberVariableMutator</mutator>
    <description>Removed assignment to member variable checkRegexp</description>
    <lineContent>checkRegexp = null;</lineContent>
  </mutation>

  <mutation unstable="false">
    <sourceFile>SuppressFilterElement.java</sourceFile>
    <mutatedClass>com.puppycrawl.tools.checkstyle.filters.SuppressFilterElement</mutatedClass>
    <mutatedMethod>&lt;init&gt;</mutatedMethod>
    <mutator>org.pitest.mutationtest.engine.gregor.mutators.experimental.MemberVariableMutator</mutator>
    <description>Removed assignment to member variable columnFilter</description>
    <lineContent>columnFilter = null;</lineContent>
  </mutation>

  <mutation unstable="false">
    <sourceFile>SuppressFilterElement.java</sourceFile>
    <mutatedClass>com.puppycrawl.tools.checkstyle.filters.SuppressFilterElement</mutatedClass>
    <mutatedMethod>&lt;init&gt;</mutatedMethod>
    <mutator>org.pitest.mutationtest.engine.gregor.mutators.experimental.MemberVariableMutator</mutator>
    <description>Removed assignment to member variable columnsCsv</description>
    <lineContent>columnsCsv = columns;</lineContent>
  </mutation>

  <mutation unstable="false">
    <sourceFile>SuppressFilterElement.java</sourceFile>
    <mutatedClass>com.puppycrawl.tools.checkstyle.filters.SuppressFilterElement</mutatedClass>
    <mutatedMethod>&lt;init&gt;</mutatedMethod>
    <mutator>org.pitest.mutationtest.engine.gregor.mutators.experimental.MemberVariableMutator</mutator>
    <description>Removed assignment to member variable columnsCsv</description>
    <lineContent>columnsCsv = null;</lineContent>
  </mutation>

  <mutation unstable="false">
    <sourceFile>SuppressFilterElement.java</sourceFile>
    <mutatedClass>com.puppycrawl.tools.checkstyle.filters.SuppressFilterElement</mutatedClass>
    <mutatedMethod>&lt;init&gt;</mutatedMethod>
    <mutator>org.pitest.mutationtest.engine.gregor.mutators.experimental.MemberVariableMutator</mutator>
    <description>Removed assignment to member variable fileRegexp</description>
    <lineContent>fileRegexp = null;</lineContent>
  </mutation>

  <mutation unstable="false">
    <sourceFile>SuppressFilterElement.java</sourceFile>
    <mutatedClass>com.puppycrawl.tools.checkstyle.filters.SuppressFilterElement</mutatedClass>
    <mutatedMethod>&lt;init&gt;</mutatedMethod>
    <mutator>org.pitest.mutationtest.engine.gregor.mutators.experimental.MemberVariableMutator</mutator>
    <description>Removed assignment to member variable lineFilter</description>
    <lineContent>lineFilter = null;</lineContent>
  </mutation>

  <mutation unstable="false">
    <sourceFile>SuppressFilterElement.java</sourceFile>
    <mutatedClass>com.puppycrawl.tools.checkstyle.filters.SuppressFilterElement</mutatedClass>
    <mutatedMethod>&lt;init&gt;</mutatedMethod>
    <mutator>org.pitest.mutationtest.engine.gregor.mutators.experimental.MemberVariableMutator</mutator>
    <description>Removed assignment to member variable linesCsv</description>
    <lineContent>linesCsv = lines;</lineContent>
  </mutation>

  <mutation unstable="false">
    <sourceFile>SuppressFilterElement.java</sourceFile>
    <mutatedClass>com.puppycrawl.tools.checkstyle.filters.SuppressFilterElement</mutatedClass>
    <mutatedMethod>&lt;init&gt;</mutatedMethod>
    <mutator>org.pitest.mutationtest.engine.gregor.mutators.experimental.MemberVariableMutator</mutator>
    <description>Removed assignment to member variable linesCsv</description>
    <lineContent>linesCsv = null;</lineContent>
  </mutation>

  <mutation unstable="false">
    <sourceFile>SuppressFilterElement.java</sourceFile>
    <mutatedClass>com.puppycrawl.tools.checkstyle.filters.SuppressFilterElement</mutatedClass>
    <mutatedMethod>&lt;init&gt;</mutatedMethod>
    <mutator>org.pitest.mutationtest.engine.gregor.mutators.experimental.MemberVariableMutator</mutator>
    <description>Removed assignment to member variable messageRegexp</description>
    <lineContent>messageRegexp = null;</lineContent>
  </mutation>

  <mutation unstable="false">
    <sourceFile>SuppressWithNearbyCommentFilter.java</sourceFile>
    <mutatedClass>com.puppycrawl.tools.checkstyle.filters.SuppressWithNearbyCommentFilter</mutatedClass>
    <mutatedMethod>accept</mutatedMethod>
    <mutator>org.pitest.mutationtest.engine.gregor.mutators.NonVoidMethodCallMutator</mutator>
    <description>removed call to com/puppycrawl/tools/checkstyle/filters/SuppressWithNearbyCommentFilter::getFileContents</description>
    <lineContent>if (getFileContents() != currentContents) {</lineContent>
  </mutation>

  <mutation unstable="false">
    <sourceFile>SuppressWithNearbyCommentFilter.java</sourceFile>
    <mutatedClass>com.puppycrawl.tools.checkstyle.filters.SuppressWithNearbyCommentFilter$Tag</mutatedClass>
    <mutatedMethod>&lt;init&gt;</mutatedMethod>
    <mutator>org.pitest.mutationtest.engine.gregor.mutators.experimental.MemberVariableMutator</mutator>
    <description>Removed assignment to member variable tagIdRegexp</description>
    <lineContent>tagIdRegexp = null;</lineContent>
  </mutation>

  <mutation unstable="false">
    <sourceFile>SuppressWithNearbyCommentFilter.java</sourceFile>
    <mutatedClass>com.puppycrawl.tools.checkstyle.filters.SuppressWithNearbyCommentFilter$Tag</mutatedClass>
    <mutatedMethod>&lt;init&gt;</mutatedMethod>
    <mutator>org.pitest.mutationtest.engine.gregor.mutators.experimental.MemberVariableMutator</mutator>
    <description>Removed assignment to member variable tagMessageRegexp</description>
    <lineContent>tagMessageRegexp = null;</lineContent>
  </mutation>

  <mutation unstable="false">
    <sourceFile>SuppressWithNearbyTextFilter.java</sourceFile>
    <mutatedClass>com.puppycrawl.tools.checkstyle.filters.SuppressWithNearbyTextFilter</mutatedClass>
    <mutatedMethod>accept</mutatedMethod>
    <mutator>org.pitest.mutationtest.engine.gregor.mutators.NonVoidMethodCallMutator</mutator>
    <description>removed call to java/lang/String::equals</description>
    <lineContent>if (!cachedFileAbsolutePath.equals(eventFileTextAbsolutePath)) {</lineContent>
  </mutation>

  <mutation unstable="false">
    <sourceFile>SuppressWithNearbyTextFilter.java</sourceFile>
    <mutatedClass>com.puppycrawl.tools.checkstyle.filters.SuppressWithNearbyTextFilter</mutatedClass>
    <mutatedMethod>accept</mutatedMethod>
    <mutator>org.pitest.mutationtest.engine.gregor.mutators.RemoveConditionalMutator_EQUAL_IF</mutator>
    <description>removed conditional - replaced equality check with true</description>
    <lineContent>if (!cachedFileAbsolutePath.equals(eventFileTextAbsolutePath)) {</lineContent>
  </mutation>

  <mutation unstable="false">
    <sourceFile>SuppressWithPlainTextCommentFilter.java</sourceFile>
    <mutatedClass>com.puppycrawl.tools.checkstyle.filters.SuppressWithPlainTextCommentFilter$Suppression</mutatedClass>
    <mutatedMethod>&lt;init&gt;</mutatedMethod>
    <mutator>org.pitest.mutationtest.engine.gregor.mutators.experimental.MemberVariableMutator</mutator>
    <description>Removed assignment to member variable eventIdRegexp</description>
    <lineContent>eventIdRegexp = null;</lineContent>
  </mutation>

  <mutation unstable="false">
    <sourceFile>SuppressWithPlainTextCommentFilter.java</sourceFile>
    <mutatedClass>com.puppycrawl.tools.checkstyle.filters.SuppressWithPlainTextCommentFilter$Suppression</mutatedClass>
    <mutatedMethod>&lt;init&gt;</mutatedMethod>
    <mutator>org.pitest.mutationtest.engine.gregor.mutators.experimental.MemberVariableMutator</mutator>
    <description>Removed assignment to member variable eventMessageRegexp</description>
    <lineContent>eventMessageRegexp = null;</lineContent>
  </mutation>

  <mutation unstable="false">
    <sourceFile>SuppressionCommentFilter.java</sourceFile>
    <mutatedClass>com.puppycrawl.tools.checkstyle.filters.SuppressionCommentFilter$Tag</mutatedClass>
    <mutatedMethod>&lt;init&gt;</mutatedMethod>
    <mutator>org.pitest.mutationtest.engine.gregor.mutators.experimental.MemberVariableMutator</mutator>
    <description>Removed assignment to member variable tagIdRegexp</description>
    <lineContent>tagIdRegexp = null;</lineContent>
  </mutation>

  <mutation unstable="false">
    <sourceFile>SuppressionCommentFilter.java</sourceFile>
    <mutatedClass>com.puppycrawl.tools.checkstyle.filters.SuppressionCommentFilter$Tag</mutatedClass>
    <mutatedMethod>&lt;init&gt;</mutatedMethod>
    <mutator>org.pitest.mutationtest.engine.gregor.mutators.experimental.MemberVariableMutator</mutator>
    <description>Removed assignment to member variable tagMessageRegexp</description>
    <lineContent>tagMessageRegexp = null;</lineContent>
  </mutation>

  <mutation unstable="false">
    <sourceFile>SuppressionXpathSingleFilter.java</sourceFile>
    <mutatedClass>com.puppycrawl.tools.checkstyle.filters.SuppressionXpathSingleFilter</mutatedClass>
    <mutatedMethod>setMessage</mutatedMethod>
    <mutator>org.pitest.mutationtest.engine.gregor.mutators.experimental.MemberVariableMutator</mutator>
    <description>Removed assignment to member variable message</description>
    <lineContent>this.message = null;</lineContent>
  </mutation>

  <mutation unstable="false">
    <sourceFile>XpathFilterElement.java</sourceFile>
    <mutatedClass>com.puppycrawl.tools.checkstyle.filters.XpathFilterElement</mutatedClass>
    <mutatedMethod>&lt;init&gt;</mutatedMethod>
    <mutator>org.pitest.mutationtest.engine.gregor.mutators.NonVoidMethodCallMutator</mutator>
    <description>removed call to java/util/Optional::orElse</description>
    <lineContent>Optional.ofNullable(checks).map(CommonUtil::createPattern).orElse(null),</lineContent>
  </mutation>

  <mutation unstable="false">
    <sourceFile>XpathFilterElement.java</sourceFile>
    <mutatedClass>com.puppycrawl.tools.checkstyle.filters.XpathFilterElement</mutatedClass>
    <mutatedMethod>&lt;init&gt;</mutatedMethod>
    <mutator>org.pitest.mutationtest.engine.gregor.mutators.experimental.ArgumentPropagationMutator</mutator>
    <description>replaced call to java/util/Optional::orElse with argument</description>
    <lineContent>Optional.ofNullable(checks).map(CommonUtil::createPattern).orElse(null),</lineContent>
  </mutation>

  <mutation unstable="false">
    <sourceFile>XpathFilterElement.java</sourceFile>
    <mutatedClass>com.puppycrawl.tools.checkstyle.filters.XpathFilterElement</mutatedClass>
    <mutatedMethod>&lt;init&gt;</mutatedMethod>
    <mutator>org.pitest.mutationtest.engine.gregor.mutators.experimental.MemberVariableMutator</mutator>
    <description>Removed assignment to member variable xpathExpression</description>
    <lineContent>xpathExpression = null;</lineContent>
  </mutation>

  <mutation unstable="false">
    <sourceFile>XpathFilterElement.java</sourceFile>
    <mutatedClass>com.puppycrawl.tools.checkstyle.filters.XpathFilterElement</mutatedClass>
    <mutatedMethod>isXpathQueryMatching</mutatedMethod>
    <mutator>org.pitest.mutationtest.engine.gregor.mutators.experimental.NakedReceiverMutator</mutator>
    <description>replaced call to java/util/stream/Stream::map with receiver</description>
    <lineContent>.stream().map(AbstractNode.class::cast)</lineContent>
  </mutation>
</suppressedMutations>
