<?xml version="1.0" encoding="UTF-8"?>
<suppressedMutations>
  <mutation unstable="false">
    <sourceFile>AbstractJavadocCheck.java</sourceFile>
    <mutatedClass>com.puppycrawl.tools.checkstyle.checks.javadoc.AbstractJavadocCheck</mutatedClass>
    <mutatedMethod>walk</mutatedMethod>
    <mutator>org.pitest.mutationtest.engine.gregor.mutators.RemoveConditionalMutator_EQUAL_ELSE</mutator>
    <description>removed conditional - replaced equality check with false</description>
    <lineContent>if (curNode != null) {</lineContent>
  </mutation>

  <mutation unstable="false">
    <sourceFile>AbstractJavadocCheck.java</sourceFile>
    <mutatedClass>com.puppycrawl.tools.checkstyle.checks.javadoc.AbstractJavadocCheck</mutatedClass>
    <mutatedMethod>walk</mutatedMethod>
    <mutator>org.pitest.mutationtest.engine.gregor.mutators.NonVoidMethodCallMutator</mutator>
    <description>removed call to com/puppycrawl/tools/checkstyle/checks/javadoc/AbstractJavadocCheck::shouldBeProcessed</description>
    <lineContent>waitsForProcessing = shouldBeProcessed(curNode);</lineContent>
  </mutation>

  <mutation unstable="false">
    <sourceFile>JavadocMethodCheck.java</sourceFile>
    <mutatedClass>com.puppycrawl.tools.checkstyle.checks.javadoc.JavadocMethodCheck</mutatedClass>
    <mutatedMethod>checkParamTags</mutatedMethod>
    <mutator>org.pitest.mutationtest.engine.gregor.mutators.RemoveConditionalMutator_EQUAL_IF</mutator>
    <description>removed conditional - replaced equality check with true</description>
    <lineContent>if (arg1.startsWith(ELEMENT_START) &amp;&amp; arg1.endsWith(ELEMENT_END)) {</lineContent>
  </mutation>

  <mutation unstable="false">
    <sourceFile>JavadocMethodCheck.java</sourceFile>
    <mutatedClass>com.puppycrawl.tools.checkstyle.checks.javadoc.JavadocMethodCheck</mutatedClass>
    <mutatedMethod>getThrowed</mutatedMethod>
    <mutator>org.pitest.mutationtest.engine.gregor.mutators.experimental.NakedReceiverMutator</mutator>
    <description>replaced call to com/puppycrawl/tools/checkstyle/api/DetailAST::findFirstToken with receiver</description>
    <lineContent>final DetailAST blockAst = methodAst.findFirstToken(TokenTypes.SLIST);</lineContent>
  </mutation>

  <mutation unstable="false">
    <sourceFile>JavadocMethodCheck.java</sourceFile>
    <mutatedClass>com.puppycrawl.tools.checkstyle.checks.javadoc.JavadocMethodCheck</mutatedClass>
    <mutatedMethod>isClassNamesSame</mutatedMethod>
    <mutator>org.pitest.mutationtest.engine.gregor.mutators.RemoveConditionalMutator_EQUAL_ELSE</mutator>
    <description>removed conditional - replaced equality check with false</description>
    <lineContent>if (class1.contains(separator) || class2.contains(separator)) {</lineContent>
  </mutation>

  <mutation unstable="false">
    <sourceFile>JavadocMethodCheck.java</sourceFile>
    <mutatedClass>com.puppycrawl.tools.checkstyle.checks.javadoc.JavadocMethodCheck</mutatedClass>
    <mutatedMethod>isClassNamesSame</mutatedMethod>
    <mutator>org.pitest.mutationtest.engine.gregor.mutators.RemoveConditionalMutator_EQUAL_IF</mutator>
    <description>removed conditional - replaced equality check with true</description>
    <lineContent>if (class1.contains(separator) || class2.contains(separator)) {</lineContent>
  </mutation>

  <mutation unstable="false">
    <sourceFile>JavadocMethodCheck.java</sourceFile>
    <mutatedClass>com.puppycrawl.tools.checkstyle.checks.javadoc.JavadocMethodCheck</mutatedClass>
    <mutatedMethod>shouldCheck</mutatedMethod>
    <mutator>org.pitest.mutationtest.engine.gregor.mutators.RemoveConditionalMutator_EQUAL_IF</mutator>
    <description>removed conditional - replaced equality check with true</description>
    <lineContent>return surroundingAccessModifier != null</lineContent>
  </mutation>

  <mutation unstable="false">
    <sourceFile>JavadocMethodCheck.java</sourceFile>
    <mutatedClass>com.puppycrawl.tools.checkstyle.checks.javadoc.JavadocMethodCheck$Token</mutatedClass>
    <mutatedMethod>&lt;init&gt;</mutatedMethod>
    <mutator>org.pitest.mutationtest.engine.gregor.mutators.NonVoidMethodCallMutator</mutator>
    <description>removed call to com/puppycrawl/tools/checkstyle/api/FullIdent::getColumnNo</description>
    <lineContent>columnNo = fullIdent.getColumnNo();</lineContent>
  </mutation>

  <mutation unstable="false">
    <sourceFile>JavadocMethodCheck.java</sourceFile>
    <mutatedClass>com.puppycrawl.tools.checkstyle.checks.javadoc.JavadocMethodCheck$Token</mutatedClass>
    <mutatedMethod>&lt;init&gt;</mutatedMethod>
    <mutator>org.pitest.mutationtest.engine.gregor.mutators.experimental.MemberVariableMutator</mutator>
    <description>Removed assignment to member variable columnNo</description>
    <lineContent>columnNo = fullIdent.getColumnNo();</lineContent>
  </mutation>

  <mutation unstable="false">
    <sourceFile>JavadocMethodCheck.java</sourceFile>
    <mutatedClass>com.puppycrawl.tools.checkstyle.checks.javadoc.JavadocMethodCheck$Token</mutatedClass>
    <mutatedMethod>&lt;init&gt;</mutatedMethod>
    <mutator>org.pitest.mutationtest.engine.gregor.mutators.NonVoidMethodCallMutator</mutator>
    <description>removed call to com/puppycrawl/tools/checkstyle/api/FullIdent::getLineNo</description>
    <lineContent>lineNo = fullIdent.getLineNo();</lineContent>
  </mutation>

  <mutation unstable="false">
    <sourceFile>JavadocMethodCheck.java</sourceFile>
    <mutatedClass>com.puppycrawl.tools.checkstyle.checks.javadoc.JavadocMethodCheck$Token</mutatedClass>
    <mutatedMethod>&lt;init&gt;</mutatedMethod>
    <mutator>org.pitest.mutationtest.engine.gregor.mutators.experimental.MemberVariableMutator</mutator>
    <description>Removed assignment to member variable lineNo</description>
    <lineContent>lineNo = fullIdent.getLineNo();</lineContent>
  </mutation>

  <mutation unstable="false">
    <sourceFile>JavadocNodeImpl.java</sourceFile>
    <mutatedClass>com.puppycrawl.tools.checkstyle.checks.javadoc.JavadocNodeImpl</mutatedClass>
    <mutatedMethod>toString</mutatedMethod>
    <mutator>org.pitest.mutationtest.engine.gregor.mutators.NonVoidMethodCallMutator</mutator>
    <description>removed call to java/util/Objects::hashCode</description>
    <lineContent>+ &quot;, children=&quot; + Objects.hashCode(children)</lineContent>
  </mutation>

  <mutation unstable="false">
    <sourceFile>JavadocStyleCheck.java</sourceFile>
    <mutatedClass>com.puppycrawl.tools.checkstyle.checks.javadoc.JavadocStyleCheck</mutatedClass>
    <mutatedMethod>trimTail</mutatedMethod>
    <mutator>org.pitest.mutationtest.engine.gregor.mutators.NonVoidMethodCallMutator</mutator>
    <description>removed call to java/lang/StringBuilder::deleteCharAt</description>
    <lineContent>builder.deleteCharAt(index);</lineContent>
  </mutation>

  <mutation unstable="false">
    <sourceFile>JavadocStyleCheck.java</sourceFile>
    <mutatedClass>com.puppycrawl.tools.checkstyle.checks.javadoc.JavadocStyleCheck</mutatedClass>
    <mutatedMethod>trimTail</mutatedMethod>
    <mutator>org.pitest.mutationtest.engine.gregor.mutators.experimental.NakedReceiverMutator</mutator>
    <description>replaced call to java/lang/StringBuilder::deleteCharAt with receiver</description>
    <lineContent>builder.deleteCharAt(index);</lineContent>
  </mutation>

  <mutation unstable="false">
    <sourceFile>JavadocStyleCheck.java</sourceFile>
    <mutatedClass>com.puppycrawl.tools.checkstyle.checks.javadoc.JavadocStyleCheck</mutatedClass>
    <mutatedMethod>trimTail</mutatedMethod>
    <mutator>org.pitest.mutationtest.engine.gregor.mutators.NonVoidMethodCallMutator</mutator>
    <description>removed call to java/lang/Character::isWhitespace</description>
    <lineContent>if (Character.isWhitespace(builder.charAt(index))) {</lineContent>
  </mutation>

  <mutation unstable="false">
    <sourceFile>JavadocStyleCheck.java</sourceFile>
    <mutatedClass>com.puppycrawl.tools.checkstyle.checks.javadoc.JavadocStyleCheck</mutatedClass>
    <mutatedMethod>trimTail</mutatedMethod>
    <mutator>org.pitest.mutationtest.engine.gregor.mutators.NonVoidMethodCallMutator</mutator>
    <description>removed call to java/lang/StringBuilder::charAt</description>
    <lineContent>if (Character.isWhitespace(builder.charAt(index))) {</lineContent>
  </mutation>

  <mutation unstable="false">
    <sourceFile>JavadocStyleCheck.java</sourceFile>
    <mutatedClass>com.puppycrawl.tools.checkstyle.checks.javadoc.JavadocStyleCheck</mutatedClass>
    <mutatedMethod>trimTail</mutatedMethod>
    <mutator>org.pitest.mutationtest.engine.gregor.mutators.RemoveConditionalMutator_EQUAL_ELSE</mutator>
    <description>removed conditional - replaced equality check with false</description>
    <lineContent>if (Character.isWhitespace(builder.charAt(index))) {</lineContent>
  </mutation>

  <mutation unstable="false">
    <sourceFile>JavadocTagInfo.java</sourceFile>
    <mutatedClass>com.puppycrawl.tools.checkstyle.checks.javadoc.JavadocTagInfo$11</mutatedClass>
    <mutatedMethod>isValidOn</mutatedMethod>
    <mutator>org.pitest.mutationtest.engine.gregor.mutators.RemoveConditionalMutator_EQUAL_IF</mutator>
    <description>removed conditional - replaced equality check with true</description>
    <lineContent>return astType == TokenTypes.METHOD_DEF</lineContent>
  </mutation>

  <mutation unstable="false">
    <sourceFile>JavadocTagInfo.java</sourceFile>
    <mutatedClass>com.puppycrawl.tools.checkstyle.checks.javadoc.JavadocTagInfo$14</mutatedClass>
    <mutatedMethod>isValidOn</mutatedMethod>
    <mutator>org.pitest.mutationtest.engine.gregor.mutators.RemoveConditionalMutator_EQUAL_IF</mutator>
    <description>removed conditional - replaced equality check with true</description>
    <lineContent>return astType == TokenTypes.METHOD_DEF</lineContent>
  </mutation>

  <mutation unstable="false">
    <sourceFile>JavadocTagInfo.java</sourceFile>
    <mutatedClass>com.puppycrawl.tools.checkstyle.checks.javadoc.JavadocTagInfo$15</mutatedClass>
    <mutatedMethod>isValidOn</mutatedMethod>
    <mutator>org.pitest.mutationtest.engine.gregor.mutators.RemoveConditionalMutator_EQUAL_IF</mutator>
    <description>removed conditional - replaced equality check with true</description>
    <lineContent>&amp;&amp; varType.getFirstChild().getType() == TokenTypes.ARRAY_DECLARATOR</lineContent>
  </mutation>

  <mutation unstable="false">
    <sourceFile>JavadocTagInfo.java</sourceFile>
    <mutatedClass>com.puppycrawl.tools.checkstyle.checks.javadoc.JavadocTagInfo$15</mutatedClass>
    <mutatedMethod>isValidOn</mutatedMethod>
    <mutator>org.pitest.mutationtest.engine.gregor.mutators.RemoveConditionalMutator_EQUAL_IF</mutator>
    <description>removed conditional - replaced equality check with true</description>
    <lineContent>return astType == TokenTypes.VARIABLE_DEF</lineContent>
  </mutation>

  <mutation unstable="false">
    <sourceFile>TagParser.java</sourceFile>
    <mutatedClass>com.puppycrawl.tools.checkstyle.checks.javadoc.TagParser</mutatedClass>
    <mutatedMethod>skipHtmlComment</mutatedMethod>
    <mutator>org.pitest.mutationtest.engine.gregor.mutators.experimental.ArgumentPropagationMutator</mutator>
    <description>replaced call to com/puppycrawl/tools/checkstyle/checks/javadoc/TagParser::findChar with argument</description>
    <lineContent>toPoint = findChar(text, &apos;&gt;&apos;, getNextPoint(text, toPoint));</lineContent>
  </mutation>
</suppressedMutations>
