<?xml version="1.0" encoding="UTF-8"?>
<suppressedMutations>
  <mutation unstable="false">
    <sourceFile>DetailNodeTreeStringPrinter.java</sourceFile>
    <mutatedClass>com.puppycrawl.tools.checkstyle.DetailNodeTreeStringPrinter</mutatedClass>
    <mutatedMethod>parseFile</mutatedMethod>
    <mutator>org.pitest.mutationtest.engine.gregor.mutators.NonVoidMethodCallMutator</mutator>
    <description>removed call to java/nio/charset/Charset::name</description>
    <lineContent>System.getProperty(&quot;file.encoding&quot;, StandardCharsets.UTF_8.name()));</lineContent>
  </mutation>

  <mutation unstable="false">
    <sourceFile>DetailNodeTreeStringPrinter.java</sourceFile>
    <mutatedClass>com.puppycrawl.tools.checkstyle.DetailNodeTreeStringPrinter</mutatedClass>
    <mutatedMethod>parseFile</mutatedMethod>
    <mutator>org.pitest.mutationtest.engine.gregor.mutators.experimental.ArgumentPropagationMutator</mutator>
    <description>replaced call to java/lang/System::getProperty with argument</description>
    <lineContent>System.getProperty(&quot;file.encoding&quot;, StandardCharsets.UTF_8.name()));</lineContent>
  </mutation>

  <mutation unstable="false">
    <sourceFile>DetailNodeTreeStringPrinter.java</sourceFile>
    <mutatedClass>com.puppycrawl.tools.checkstyle.DetailNodeTreeStringPrinter</mutatedClass>
    <mutatedMethod>parseFile</mutatedMethod>
    <mutator>org.pitest.mutationtest.engine.gregor.mutators.experimental.NakedReceiverMutator</mutator>
    <description>replaced call to java/io/File::getAbsoluteFile with receiver</description>
    <lineContent>final FileText text = new FileText(file.getAbsoluteFile(),</lineContent>
  </mutation>

  <mutation unstable="false">
    <sourceFile>JavadocDetailNodeParser.java</sourceFile>
    <mutatedClass>com.puppycrawl.tools.checkstyle.JavadocDetailNodeParser</mutatedClass>
    <mutatedMethod>getMissedHtmlTag</mutatedMethod>
    <mutator>org.pitest.mutationtest.engine.gregor.mutators.NonVoidMethodCallMutator</mutator>
    <description>removed call to java/util/Deque::pop</description>
    <lineContent>htmlTagNameStart = stack.pop();</lineContent>
  </mutation>

  <mutation unstable="false">
    <sourceFile>SuppressionsStringPrinter.java</sourceFile>
    <mutatedClass>com.puppycrawl.tools.checkstyle.SuppressionsStringPrinter</mutatedClass>
    <mutatedMethod>printSuppressions</mutatedMethod>
    <mutator>org.pitest.mutationtest.engine.gregor.mutators.NonVoidMethodCallMutator</mutator>
    <description>removed call to java/nio/charset/Charset::name</description>
    <lineContent>System.getProperty(&quot;file.encoding&quot;, StandardCharsets.UTF_8.name()));</lineContent>
  </mutation>

  <mutation unstable="false">
    <sourceFile>SuppressionsStringPrinter.java</sourceFile>
    <mutatedClass>com.puppycrawl.tools.checkstyle.SuppressionsStringPrinter</mutatedClass>
    <mutatedMethod>printSuppressions</mutatedMethod>
    <mutator>org.pitest.mutationtest.engine.gregor.mutators.experimental.ArgumentPropagationMutator</mutator>
    <description>replaced call to java/lang/System::getProperty with argument</description>
    <lineContent>System.getProperty(&quot;file.encoding&quot;, StandardCharsets.UTF_8.name()));</lineContent>
  </mutation>

  <mutation unstable="false">
    <sourceFile>SuppressionsStringPrinter.java</sourceFile>
    <mutatedClass>com.puppycrawl.tools.checkstyle.SuppressionsStringPrinter</mutatedClass>
    <mutatedMethod>printSuppressions</mutatedMethod>
    <mutator>org.pitest.mutationtest.engine.gregor.mutators.experimental.NakedReceiverMutator</mutator>
    <description>replaced call to java/io/File::getAbsoluteFile with receiver</description>
    <lineContent>final FileText fileText = new FileText(file.getAbsoluteFile(),</lineContent>
  </mutation>

  <mutation unstable="false">
    <sourceFile>TreeWalker.java</sourceFile>
    <mutatedClass>com.puppycrawl.tools.checkstyle.TreeWalker</mutatedClass>
    <mutatedMethod>createNewCheckSortedSet</mutatedMethod>
    <mutator>org.pitest.mutationtest.engine.gregor.mutators.experimental.NakedReceiverMutator</mutator>
    <description>replaced call to java/util/Comparator::thenComparing with receiver</description>
    <lineContent>.thenComparing(AbstractCheck::getId,</lineContent>
  </mutation>

  <mutation unstable="false">
    <sourceFile>TreeWalker.java</sourceFile>
    <mutatedClass>com.puppycrawl.tools.checkstyle.TreeWalker</mutatedClass>
    <mutatedMethod>createNewCheckSortedSet</mutatedMethod>
    <mutator>org.pitest.mutationtest.engine.gregor.mutators.NonVoidMethodCallMutator</mutator>
    <description>removed call to java/util/Comparator::naturalOrder</description>
    <lineContent>Comparator.nullsLast(Comparator.naturalOrder()))</lineContent>
  </mutation>
</suppressedMutations>
