<?xml version="1.0" encoding="UTF-8"?>
<suppressedMutations>
  <mutation unstable="false">
    <sourceFile>VariableDeclarationUsageDistanceCheck.java</sourceFile>
    <mutatedClass>com.puppycrawl.tools.checkstyle.checks.coding.VariableDeclarationUsageDistanceCheck</mutatedClass>
    <mutatedMethod>getDistToVariableUsageInChildNode</mutatedMethod>
    <mutator>org.pitest.mutationtest.engine.gregor.mutators.experimental.NakedReceiverMutator</mutator>
    <description>replaced call to com/puppycrawl/tools/checkstyle/api/DetailAST::getFirstChild with receiver</description>
    <lineContent>examineNode = examineNode.getFirstChild().getNextSibling();</lineContent>
  </mutation>

  <mutation unstable="false">
    <sourceFile>VariableDeclarationUsageDistanceCheck.java</sourceFile>
    <mutatedClass>com.puppycrawl.tools.checkstyle.checks.coding.VariableDeclarationUsageDistanceCheck</mutatedClass>
    <mutatedMethod>getDistToVariableUsageInChildNode</mutatedMethod>
    <mutator>org.pitest.mutationtest.engine.gregor.mutators.experimental.NakedReceiverMutator</mutator>
    <description>replaced call to com/puppycrawl/tools/checkstyle/api/DetailAST::getNextSibling with receiver</description>
    <lineContent>examineNode = examineNode.getFirstChild().getNextSibling();</lineContent>
  </mutation>

  <mutation unstable="false">
    <sourceFile>VariableDeclarationUsageDistanceCheck.java</sourceFile>
    <mutatedClass>com.puppycrawl.tools.checkstyle.checks.coding.VariableDeclarationUsageDistanceCheck</mutatedClass>
    <mutatedMethod>getDistToVariableUsageInChildNode</mutatedMethod>
    <mutator>org.pitest.mutationtest.engine.gregor.mutators.NonVoidMethodCallMutator</mutator>
    <description>removed call to com/puppycrawl/tools/checkstyle/api/DetailAST::getType</description>
    <lineContent>if (examineNode.getType() == TokenTypes.LABELED_STAT) {</lineContent>
  </mutation>

  <mutation unstable="false">
    <sourceFile>VariableDeclarationUsageDistanceCheck.java</sourceFile>
    <mutatedClass>com.puppycrawl.tools.checkstyle.checks.coding.VariableDeclarationUsageDistanceCheck</mutatedClass>
    <mutatedMethod>getDistToVariableUsageInChildNode</mutatedMethod>
    <mutator>org.pitest.mutationtest.engine.gregor.mutators.RemoveConditionalMutator_EQUAL_ELSE</mutator>
    <description>removed conditional - replaced equality check with false</description>
    <lineContent>if (examineNode.getType() == TokenTypes.LABELED_STAT) {</lineContent>
  </mutation>

  <mutation unstable="false">
    <sourceFile>VariableDeclarationUsageDistanceCheck.java</sourceFile>
    <mutatedClass>com.puppycrawl.tools.checkstyle.checks.coding.VariableDeclarationUsageDistanceCheck</mutatedClass>
    <mutatedMethod>getDistToVariableUsageInChildNode</mutatedMethod>
    <mutator>org.pitest.mutationtest.engine.gregor.mutators.experimental.RemoveSwitchMutator_4</mutator>
    <description>RemoveSwitch 4 (case value 89)</description>
    <lineContent>switch (examineNode.getType()) {</lineContent>
  </mutation>
</suppressedMutations>
