<?xml version="1.0" encoding="UTF-8"?>
<suppressedMutations>
  <mutation unstable="false">
    <sourceFile>CheckstyleAntTask.java</sourceFile>
    <mutatedClass>com.puppycrawl.tools.checkstyle.ant.CheckstyleAntTask</mutatedClass>
    <mutatedMethod>&lt;init&gt;</mutatedMethod>
    <mutator>org.pitest.mutationtest.engine.gregor.mutators.experimental.MemberVariableMutator</mutator>
    <description>Removed assignment to member variable maxWarnings</description>
    <lineContent>private int maxWarnings = Integer.MAX_VALUE;</lineContent>
  </mutation>

  <mutation unstable="false">
    <sourceFile>CheckstyleAntTask.java</sourceFile>
    <mutatedClass>com.puppycrawl.tools.checkstyle.ant.CheckstyleAntTask</mutatedClass>
    <mutatedMethod>addProperty</mutatedMethod>
    <mutator>org.pitest.mutationtest.engine.gregor.mutators.NonVoidMethodCallMutator</mutator>
    <description>removed call to java/util/List::add</description>
    <lineContent>overrideProps.add(property);</lineContent>
  </mutation>

  <mutation unstable="false">
    <sourceFile>CheckstyleAntTask.java</sourceFile>
    <mutatedClass>com.puppycrawl.tools.checkstyle.ant.CheckstyleAntTask</mutatedClass>
    <mutatedMethod>createClasspath</mutatedMethod>
    <mutator>org.pitest.mutationtest.engine.gregor.mutators.NonVoidMethodCallMutator</mutator>
    <description>removed call to com/puppycrawl/tools/checkstyle/ant/CheckstyleAntTask::getProject</description>
    <lineContent>return new Path(getProject());</lineContent>
  </mutation>

  <mutation unstable="false">
    <sourceFile>CheckstyleAntTask.java</sourceFile>
    <mutatedClass>com.puppycrawl.tools.checkstyle.ant.CheckstyleAntTask</mutatedClass>
    <mutatedMethod>createOverridingProperties</mutatedMethod>
    <mutator>org.pitest.mutationtest.engine.gregor.mutators.NonVoidMethodCallMutator</mutator>
    <description>removed call to com/puppycrawl/tools/checkstyle/ant/CheckstyleAntTask::getLocation</description>
    <lineContent>+ properties + &quot;&apos;&quot;, ex, getLocation());</lineContent>
  </mutation>

  <mutation unstable="false">
    <sourceFile>CheckstyleAntTask.java</sourceFile>
    <mutatedClass>com.puppycrawl.tools.checkstyle.ant.CheckstyleAntTask</mutatedClass>
    <mutatedMethod>createOverridingProperties</mutatedMethod>
    <mutator>org.pitest.mutationtest.engine.gregor.mutators.NonVoidMethodCallMutator</mutator>
    <description>removed call to java/util/Map$Entry::getValue</description>
    <lineContent>final String value = String.valueOf(entry.getValue());</lineContent>
  </mutation>

  <mutation unstable="false">
    <sourceFile>CheckstyleAntTask.java</sourceFile>
    <mutatedClass>com.puppycrawl.tools.checkstyle.ant.CheckstyleAntTask</mutatedClass>
    <mutatedMethod>createOverridingProperties</mutatedMethod>
    <mutator>org.pitest.mutationtest.engine.gregor.mutators.NonVoidMethodCallMutator</mutator>
    <description>removed call to java/util/Properties::setProperty</description>
    <lineContent>returnValue.setProperty(entry.getKey(), value);</lineContent>
  </mutation>

  <mutation unstable="false">
    <sourceFile>CheckstyleAntTask.java</sourceFile>
    <mutatedClass>com.puppycrawl.tools.checkstyle.ant.CheckstyleAntTask</mutatedClass>
    <mutatedMethod>createOverridingProperties</mutatedMethod>
    <mutator>org.pitest.mutationtest.engine.gregor.mutators.NonVoidMethodCallMutator</mutator>
    <description>removed call to java/util/Properties::setProperty</description>
    <lineContent>returnValue.setProperty(p.getKey(), p.getValue());</lineContent>
  </mutation>

  <mutation unstable="false">
    <sourceFile>CheckstyleAntTask.java</sourceFile>
    <mutatedClass>com.puppycrawl.tools.checkstyle.ant.CheckstyleAntTask</mutatedClass>
    <mutatedMethod>createRootModule</mutatedMethod>
    <mutator>org.pitest.mutationtest.engine.gregor.mutators.NonVoidMethodCallMutator</mutator>
    <description>removed call to java/lang/Package::getName</description>
    <lineContent>Checker.class.getPackage().getName() + &quot;.&quot;, moduleClassLoader);</lineContent>
  </mutation>

  <mutation unstable="false">
    <sourceFile>CheckstyleAntTask.java</sourceFile>
    <mutatedClass>com.puppycrawl.tools.checkstyle.ant.CheckstyleAntTask</mutatedClass>
    <mutatedMethod>createRootModule</mutatedMethod>
    <mutator>org.pitest.mutationtest.engine.gregor.mutators.experimental.ArgumentPropagationMutator</mutator>
    <description>replaced call to java/lang/String::format with argument</description>
    <lineContent>throw new BuildException(String.format(Locale.ROOT, &quot;Unable to create Root Module: &quot;</lineContent>
  </mutation>

  <mutation unstable="false">
    <sourceFile>CheckstyleAntTask.java</sourceFile>
    <mutatedClass>com.puppycrawl.tools.checkstyle.ant.CheckstyleAntTask</mutatedClass>
    <mutatedMethod>execute</mutatedMethod>
    <mutator>org.pitest.mutationtest.engine.gregor.mutators.NonVoidMethodCallMutator</mutator>
    <description>removed call to java/lang/Package::getImplementationVersion</description>
    <lineContent>final String version = CheckstyleAntTask.class.getPackage().getImplementationVersion();</lineContent>
  </mutation>

  <mutation unstable="false">
    <sourceFile>CheckstyleAntTask.java</sourceFile>
    <mutatedClass>com.puppycrawl.tools.checkstyle.ant.CheckstyleAntTask</mutatedClass>
    <mutatedMethod>execute</mutatedMethod>
    <mutator>org.pitest.mutationtest.engine.gregor.mutators.NonVoidMethodCallMutator</mutator>
    <description>removed call to com/puppycrawl/tools/checkstyle/ant/CheckstyleAntTask::getLocation</description>
    <lineContent>getLocation());</lineContent>
  </mutation>

  <mutation unstable="false">
    <sourceFile>CheckstyleAntTask.java</sourceFile>
    <mutatedClass>com.puppycrawl.tools.checkstyle.ant.CheckstyleAntTask</mutatedClass>
    <mutatedMethod>execute</mutatedMethod>
    <mutator>org.pitest.mutationtest.engine.gregor.mutators.NonVoidMethodCallMutator</mutator>
    <description>removed call to com/puppycrawl/tools/checkstyle/ant/CheckstyleAntTask::getLocation</description>
    <lineContent>throw new BuildException(&quot;Must specify &apos;config&apos;.&quot;, getLocation());</lineContent>
  </mutation>

  <mutation unstable="false">
    <sourceFile>CheckstyleAntTask.java</sourceFile>
    <mutatedClass>com.puppycrawl.tools.checkstyle.ant.CheckstyleAntTask</mutatedClass>
    <mutatedMethod>getListeners</mutatedMethod>
    <mutator>org.pitest.mutationtest.engine.gregor.mutators.NonVoidMethodCallMutator</mutator>
    <description>removed call to java/util/List::size</description>
    <lineContent>final int formatterCount = Math.max(1, formatters.size());</lineContent>
  </mutation>

  <mutation unstable="false">
    <sourceFile>CheckstyleAntTask.java</sourceFile>
    <mutatedClass>com.puppycrawl.tools.checkstyle.ant.CheckstyleAntTask</mutatedClass>
    <mutatedMethod>getListeners</mutatedMethod>
    <mutator>org.pitest.mutationtest.engine.gregor.mutators.experimental.ArgumentPropagationMutator</mutator>
    <description>replaced call to java/lang/String::format with argument</description>
    <lineContent>throw new BuildException(String.format(Locale.ROOT, &quot;Unable to create listeners: &quot;</lineContent>
  </mutation>

  <mutation unstable="false">
    <sourceFile>CheckstyleAntTask.java</sourceFile>
    <mutatedClass>com.puppycrawl.tools.checkstyle.ant.CheckstyleAntTask</mutatedClass>
    <mutatedMethod>processFiles</mutatedMethod>
    <mutator>org.pitest.mutationtest.engine.gregor.mutators.experimental.ArgumentPropagationMutator</mutator>
    <description>replaced call to java/util/Objects::toString with argument</description>
    <lineContent>+ Objects.toString(checkstyleVersion, &quot;&quot;)</lineContent>
  </mutation>

  <mutation unstable="false">
    <sourceFile>CheckstyleAntTask.java</sourceFile>
    <mutatedClass>com.puppycrawl.tools.checkstyle.ant.CheckstyleAntTask</mutatedClass>
    <mutatedMethod>processFiles</mutatedMethod>
    <mutator>org.pitest.mutationtest.engine.gregor.mutators.NonVoidMethodCallMutator</mutator>
    <description>removed call to com/puppycrawl/tools/checkstyle/ant/CheckstyleAntTask::getLocation</description>
    <lineContent>throw new BuildException(failureMsg, getLocation());</lineContent>
  </mutation>

  <mutation unstable="false">
    <sourceFile>CheckstyleAntTask.java</sourceFile>
    <mutatedClass>com.puppycrawl.tools.checkstyle.ant.CheckstyleAntTask</mutatedClass>
    <mutatedMethod>retrieveAllScannedFiles</mutatedMethod>
    <mutator>org.pitest.mutationtest.engine.gregor.mutators.NonVoidMethodCallMutator</mutator>
    <description>removed call to java/lang/String::format</description>
    <lineContent>log(String.format(Locale.ROOT, &quot;%d) Adding %d files from directory %s&quot;,</lineContent>
  </mutation>

  <mutation unstable="false">
    <sourceFile>CheckstyleAntTask.java</sourceFile>
    <mutatedClass>com.puppycrawl.tools.checkstyle.ant.CheckstyleAntTask</mutatedClass>
    <mutatedMethod>retrieveAllScannedFiles</mutatedMethod>
    <mutator>org.pitest.mutationtest.engine.gregor.mutators.experimental.ArgumentPropagationMutator</mutator>
    <description>replaced call to java/lang/String::format with argument</description>
    <lineContent>log(String.format(Locale.ROOT, &quot;%d) Adding %d files from directory %s&quot;,</lineContent>
  </mutation>

  <mutation unstable="false">
    <sourceFile>CheckstyleAntTask.java</sourceFile>
    <mutatedClass>com.puppycrawl.tools.checkstyle.ant.CheckstyleAntTask</mutatedClass>
    <mutatedMethod>retrieveAllScannedFiles</mutatedMethod>
    <mutator>org.pitest.mutationtest.engine.gregor.mutators.NonVoidMethodCallMutator</mutator>
    <description>removed call to java/lang/Integer::valueOf</description>
    <lineContent>logIndex, fileNames.length, scanner.getBasedir()), Project.MSG_VERBOSE);</lineContent>
  </mutation>

  <mutation unstable="false">
    <sourceFile>CheckstyleAntTask.java</sourceFile>
    <mutatedClass>com.puppycrawl.tools.checkstyle.ant.CheckstyleAntTask</mutatedClass>
    <mutatedMethod>retrieveAllScannedFiles</mutatedMethod>
    <mutator>org.pitest.mutationtest.engine.gregor.mutators.NonVoidMethodCallMutator</mutator>
    <description>removed call to org/apache/tools/ant/DirectoryScanner::getBasedir</description>
    <lineContent>logIndex, fileNames.length, scanner.getBasedir()), Project.MSG_VERBOSE);</lineContent>
  </mutation>

  <mutation unstable="false">
    <sourceFile>CheckstyleAntTask.java</sourceFile>
    <mutatedClass>com.puppycrawl.tools.checkstyle.ant.CheckstyleAntTask</mutatedClass>
    <mutatedMethod>setMaxErrors</mutatedMethod>
    <mutator>org.pitest.mutationtest.engine.gregor.mutators.experimental.MemberVariableMutator</mutator>
    <description>Removed assignment to member variable maxErrors</description>
    <lineContent>this.maxErrors = maxErrors;</lineContent>
  </mutation>

  <mutation unstable="false">
    <sourceFile>CheckstyleAntTask.java</sourceFile>
    <mutatedClass>com.puppycrawl.tools.checkstyle.ant.CheckstyleAntTask$Property</mutatedClass>
    <mutatedMethod>getKey</mutatedMethod>
    <mutator>org.pitest.mutationtest.engine.gregor.mutators.returns.EmptyObjectReturnValsMutator</mutator>
    <description>replaced return value with &quot;&quot; for com/puppycrawl/tools/checkstyle/ant/CheckstyleAntTask$Property::getKey</description>
    <lineContent>return key;</lineContent>
  </mutation>
</suppressedMutations>
