<?xml version="1.0" encoding="UTF-8"?>
<!-- we cp this file to .idea directory before execution of inspections in CI -->
<project version="4">
  <component name="ExternalStorageConfigurationManager" enabled="true" />
  <component name="MavenProjectsManager">
    <option name="originalFiles">
      <list>
        <option value="$PROJECT_DIR$/pom.xml" />
      </list>
    </option>
  </component>
  <component name="ProjectRootManager" version="2" languageLevel="JDK_11"
             project-jdk-name="11" project-jdk-type="JavaSDK" />
</project>
